{"cameraMode":{"drawMode":0,"name":"Shaded","section":"Shading Mode"},"sceneLighting":false,"audioPlay":false,"sceneViewState":{"showFog":true,"showMaterialUpdate":false,"showSkybox":true,"showFlares":true,"showImageEffects":true,"showParticleSystems":true},"in2DMode":false,"pivot":{"x":-46.8045654296875,"y":-18.10107421875,"z":-3.2447280883789064},"rotation":{"x":-0.006088406778872013,"y":0.9481875896453857,"z":-0.31717944145202639,"w":-0.018207892775535585},"size":74.48499298095703,"orthographic":false}