{"cameraMode":{"drawMode":0,"name":"Shaded","section":"Shading Mode"},"sceneLighting":false,"audioPlay":false,"sceneViewState":{"showFog":true,"showMaterialUpdate":false,"showSkybox":true,"showFlares":true,"showImageEffects":true,"showParticleSystems":true},"in2DMode":false,"pivot":{"x":-74.04360961914063,"y":-96.02623748779297,"z":-154.10626220703126},"rotation":{"x":0.0046147545799613,"y":0.9424092173576355,"z":-0.33422425389289858,"w":0.013005582615733147},"size":159.11773681640626,"orthographic":false}