{"cameraMode":{"drawMode":0,"name":"Shaded","section":"Shading Mode"},"sceneLighting":false,"audioPlay":false,"sceneViewState":{"showFog":true,"showMaterialUpdate":false,"showSkybox":true,"showFlares":true,"showImageEffects":true,"showParticleSystems":true},"in2DMode":false,"pivot":{"x":-49.065059661865237,"y":1.7678680419921876,"z":-18.86304473876953},"rotation":{"x":-0.004204003605991602,"y":0.9478029012680054,"z":-0.3186323344707489,"w":-0.012512181885540486},"size":32.284210205078128,"orthographic":false}