{"cameraMode":{"drawMode":0,"name":"Shaded","section":"Shading Mode"},"sceneLighting":false,"audioPlay":false,"sceneViewState":{"showFog":true,"showMaterialUpdate":false,"showSkybox":true,"showFlares":true,"showImageEffects":true,"showParticleSystems":true},"in2DMode":false,"pivot":{"x":-52.0335693359375,"y":-2.138347625732422,"z":-6.8239593505859379},"rotation":{"x":0.009011692367494107,"y":0.9726229906082153,"z":-0.2290772646665573,"w":0.03824310004711151},"size":58.9016227722168,"orthographic":false}