{"cameraMode":{"drawMode":0,"name":"Shaded","section":"Shading Mode"},"sceneLighting":false,"audioPlay":false,"sceneViewState":{"showFog":true,"showMaterialUpdate":false,"showSkybox":true,"showFlares":true,"showImageEffects":true,"showParticleSystems":true},"in2DMode":false,"pivot":{"x":-28.237627029418947,"y":-48.584388732910159,"z":-90.93994140625},"rotation":{"x":0.009586554951965809,"y":0.9426092505455017,"z":-0.33270445466041567,"w":0.02715427428483963},"size":84.3773193359375,"orthographic":false}