{"cameraMode":{"drawMode":0,"name":"Shaded","section":"Shading Mode"},"sceneLighting":false,"audioPlay":false,"sceneViewState":{"showFog":true,"showMaterialUpdate":false,"showSkybox":true,"showFlares":true,"showImageEffects":true,"showParticleSystems":true},"in2DMode":false,"pivot":{"x":-62.13821792602539,"y":-1.8053064346313477,"z":-15.807981491088868},"rotation":{"x":-0.004204003605991602,"y":0.9478029012680054,"z":-0.3186323344707489,"w":-0.012512181885540486},"size":10.823640823364258,"orthographic":false}